{
  "name": "angular-cycle-gallery",
  "description": "Angular cycle gallery - responsive, touch gallery with animation for AngularJS without shit",
  "version": "3.0.6",
  "homepage": "https://github.com/Rademade/angular-cycle-gallery",
  "author": "Vladislav Melyanitskiy <co@rademade.com>",
  "repository": {
    "type": "git",
    "url": "git://github.com/Rademade/angular-cycle-gallery.git"
  },
  "main": [
    "build/angular-cycle-gallery.min.js",
    "build/stylesheets.min.css"
  ],
  "devDependencies": {
    "angular-ui-router": "~0.2.15"
  },
  "dependencies": {
    "angular": "~1.2.26"
  },
  "_release": "3.0.6",
  "_resolution": {
    "type": "version",
    "tag": "3.0.6",
    "commit": "47bccaed1096bd5794c4a19dd985b8bd36e77399"
  },
  "_source": "https://github.com/Rademade/angular-cycle-gallery.git",
  "_target": "^3.0.6",
  "_originalSource": "angular-cycle-gallery"
}