{
  "name": "angular-material",
  "version": "1.1.9",
  "license": "MIT",
  "ignore": [],
  "dependencies": {
    "angular": "^1.4.8",
    "angular-animate": "^1.4.8",
    "angular-aria": "^1.4.8",
    "angular-messages": "^1.4.8"
  },
  "main": [
    "angular-material.js",
    "angular-material.css"
  ],
  "homepage": "https://github.com/angular/bower-material",
  "_release": "1.1.9",
  "_resolution": {
    "type": "version",
    "tag": "v1.1.9",
    "commit": "e793095d2b06b4e38c89aec6159c0d277426fa2c"
  },
  "_source": "https://github.com/angular/bower-material.git",
  "_target": "*",
  "_originalSource": "angular-material"
}