{
  "name": "angular-animate",
  "version": "1.6.10",
  "license": "MIT",
  "main": "./angular-animate.js",
  "ignore": [],
  "dependencies": {
    "angular": "1.6.10"
  },
  "homepage": "https://github.com/angular/bower-angular-animate",
  "_release": "1.6.10",
  "_resolution": {
    "type": "version",
    "tag": "v1.6.10",
    "commit": "531f49c338d8eb95e87e8a369684d8a5069a4aba"
  },
  "_source": "https://github.com/angular/bower-angular-animate.git",
  "_target": "^1.4.8",
  "_originalSource": "angular-animate"
}