{
  "name": "file-saverjs",
  "main": "FileSaver.js",
  "version": "1.3.6",
  "homepage": "https://github.com/clarketm/FileSaver.js#readme",
  "authors": [
    "clarketm <travis.m.clarke@gmail.com>",
    "eligrey <~@eligrey.com>"
  ],
  "description": "An HTML5 saveAs() FileSaver implementation",
  "keywords": [
    "filesaver",
    "saveas",
    "blob"
  ],
  "license": "MIT",
  "ignore": [
    "*",
    "!FileSaver.*js",
    "!LICENSE.md"
  ],
  "_release": "1.3.6",
  "_resolution": {
    "type": "version",
    "tag": "v1.3.6",
    "commit": "70e4ea24c58e5949d7db909af6e10f4e05adcbab"
  },
  "_source": "https://github.com/clarketm/FileSaver.js.git",
  "_target": "^1.3.5",
  "_originalSource": "file-saverjs"
}