{
  "name": "angular-material",
  "version": "1.1.4",
  "license": "MIT",
  "ignore": [],
  "dependencies": {
    "angular": "^1.4.8",
    "angular-animate": "^1.4.8",
    "angular-aria": "^1.4.8",
    "angular-messages": "^1.4.8"
  },
  "main": [
    "angular-material.js",
    "angular-material.css"
  ],
  "homepage": "https://github.com/angular/bower-material",
  "_release": "1.1.4",
  "_resolution": {
    "type": "version",
    "tag": "v1.1.4",
    "commit": "0b0264d0b8b72090de6f52354ca91bb8411c8bdb"
  },
  "_source": "https://github.com/angular/bower-material.git",
  "_target": "^1.1.4",
  "_originalSource": "angular-material",
  "_direct": true
}