{
  "name": "angular-aria",
  "version": "1.6.10",
  "license": "MIT",
  "main": "./angular-aria.js",
  "ignore": [],
  "dependencies": {
    "angular": "1.6.10"
  },
  "homepage": "https://github.com/angular/bower-angular-aria",
  "_release": "1.6.10",
  "_resolution": {
    "type": "version",
    "tag": "v1.6.10",
    "commit": "24177c87d13e9b6bed45c6884642398ccb79e4e6"
  },
  "_source": "https://github.com/angular/bower-angular-aria.git",
  "_target": "^1.4.8",
  "_originalSource": "angular-aria"
}