{
  "name": "blobjs",
  "version": "1.1.1",
  "description": "native Blob interface support (polyfill)",
  "main": "Blob.js",
  "authors": [
    "clarketm <travis.m.clarke@gmail.com>",
    "eligrey <~@eligrey.com>"
  ],
  "license": "MIT",
  "keywords": [
    "blob",
    "Blob",
    "filesaver",
    "polyfill",
    "shim"
  ],
  "homepage": "https://github.com/clarketm/Blob.js",
  "ignore": [
    "**/.*",
    "node_modules",
    "bower_components",
    "test",
    "tests"
  ],
  "_release": "1.1.1",
  "_resolution": {
    "type": "version",
    "tag": "v1.1.1",
    "commit": "ca481106c42b715dab6cc0cf419774be269a1783"
  },
  "_source": "https://github.com/clarketm/Blob.js.git",
  "_target": "^1.1.0",
  "_originalSource": "blobjs"
}